epoch,train_loss,val_loss,accuracy,precision_macro,recall_macro,f1_macro,epoch_time_sec
1,0.3692324409329846,0.24827721243149314,0.890733456732994,0.8891886691217921,0.9176487382163834,0.8884415993984283,257.634313583374
2,0.04979724709912825,0.018461950450953765,0.9899930587690884,0.9806855002741913,0.9958329555031605,0.9880793637179613,246.72235989570618
3,0.04669663708003515,0.017228925288465237,0.9895881536325775,0.9730718736814258,0.9961163585277792,0.9842962721444282,253.84135675430298
4,0.05055688224333149,0.013151526532631195,0.9968764460897732,0.9924667530163245,0.9973441829740025,0.9948697059305867,247.2583167552948
5,0.009885670002700093,0.01700329427943486,0.9889518741323461,0.9786671781722066,0.9953547037942398,0.9868090219579833,246.20549273490906
